instr.;opcode;dez;mnemonic;register;needs ea;read;write;addr.mode;H;N;Z;V;C;desc;category
ABX;$3a;58;ABX;;;;;INHERENT;-;-;-;-;-;X = B+X (Unsigned);Index/Stack Pointer Instructions
ADC;$99;153;ADCA;REG_A;;BYTE;;DIRECT;a;a;a;a;a;A = A+M+C;8-Bit Accumulator and Memory Instructions
ADC;$b9;185;ADCA;REG_A;;BYTE;;EXTENDED;a;a;a;a;a;A = A+M+C;8-Bit Accumulator and Memory Instructions
ADC;$89;137;ADCA;REG_A;;BYTE;;IMMEDIATE;a;a;a;a;a;A = A+M+C;8-Bit Accumulator and Memory Instructions
ADC;$a9;169;ADCA;REG_A;;BYTE;;INDEXED;a;a;a;a;a;A = A+M+C;8-Bit Accumulator and Memory Instructions
ADC;$d9;217;ADCB;REG_B;;BYTE;;DIRECT;a;a;a;a;a;B = B+M+C;8-Bit Accumulator and Memory Instructions
ADC;$f9;249;ADCB;REG_B;;BYTE;;EXTENDED;a;a;a;a;a;B = B+M+C;8-Bit Accumulator and Memory Instructions
ADC;$c9;201;ADCB;REG_B;;BYTE;;IMMEDIATE;a;a;a;a;a;B = B+M+C;8-Bit Accumulator and Memory Instructions
ADC;$e9;233;ADCB;REG_B;;BYTE;;INDEXED;a;a;a;a;a;B = B+M+C;8-Bit Accumulator and Memory Instructions
ADD;$9b;155;ADDA;REG_A;;BYTE;;DIRECT;a;a;a;a;a;A = A+M;8-Bit Accumulator and Memory Instructions
ADD;$bb;187;ADDA;REG_A;;BYTE;;EXTENDED;a;a;a;a;a;A = A+M;8-Bit Accumulator and Memory Instructions
ADD;$8b;139;ADDA;REG_A;;BYTE;;IMMEDIATE;a;a;a;a;a;A = A+M;8-Bit Accumulator and Memory Instructions
ADD;$ab;171;ADDA;REG_A;;BYTE;;INDEXED;a;a;a;a;a;A = A+M;8-Bit Accumulator and Memory Instructions
ADD;$db;219;ADDB;REG_B;;BYTE;;DIRECT;a;a;a;a;a;B = B+M;8-Bit Accumulator and Memory Instructions
ADD;$fb;251;ADDB;REG_B;;BYTE;;EXTENDED;a;a;a;a;a;B = B+M;8-Bit Accumulator and Memory Instructions
ADD;$cb;203;ADDB;REG_B;;BYTE;;IMMEDIATE;a;a;a;a;a;B = B+M;8-Bit Accumulator and Memory Instructions
ADD;$eb;235;ADDB;REG_B;;BYTE;;INDEXED;a;a;a;a;a;B = B+M;8-Bit Accumulator and Memory Instructions
ADD;$d3;211;ADDD;REG_D;;WORD;;DIRECT_WORD;-;a;a;a;a;D = D+M:M+1;16-Bit Accumulator and Memory Instructions Instruction
ADD;$f3;243;ADDD;REG_D;;WORD;;EXTENDED_WORD;-;a;a;a;a;D = D+M:M+1;16-Bit Accumulator and Memory Instructions Instruction
ADD;$c3;195;ADDD;REG_D;;WORD;;IMMEDIATE_WORD;-;a;a;a;a;D = D+M:M+1;16-Bit Accumulator and Memory Instructions Instruction
ADD;$e3;227;ADDD;REG_D;;WORD;;INDEXED_WORD;-;a;a;a;a;D = D+M:M+1;16-Bit Accumulator and Memory Instructions Instruction
AND;$94;148;ANDA;REG_A;;BYTE;;DIRECT;-;a;a;0;-;A = A && M;8-Bit Accumulator and Memory Instructions
AND;$b4;180;ANDA;REG_A;;BYTE;;EXTENDED;-;a;a;0;-;A = A && M;8-Bit Accumulator and Memory Instructions
AND;$84;132;ANDA;REG_A;;BYTE;;IMMEDIATE;-;a;a;0;-;A = A && M;8-Bit Accumulator and Memory Instructions
AND;$a4;164;ANDA;REG_A;;BYTE;;INDEXED;-;a;a;0;-;A = A && M;8-Bit Accumulator and Memory Instructions
AND;$d4;212;ANDB;REG_B;;BYTE;;DIRECT;-;a;a;0;-;B = B && M;8-Bit Accumulator and Memory Instructions
AND;$f4;244;ANDB;REG_B;;BYTE;;EXTENDED;-;a;a;0;-;B = B && M;8-Bit Accumulator and Memory Instructions
AND;$c4;196;ANDB;REG_B;;BYTE;;IMMEDIATE;-;a;a;0;-;B = B && M;8-Bit Accumulator and Memory Instructions
AND;$e4;228;ANDB;REG_B;;BYTE;;INDEXED;-;a;a;0;-;B = B && M;8-Bit Accumulator and Memory Instructions
AND;$1c;28;ANDCC;REG_CC;;BYTE;;IMMEDIATE;d;d;d;d;d;C = CC && IMM;Miscellaneous Instructions
ASR;$07;7;ASR;;yes;BYTE;BYTE;DIRECT;u;a;a;-;s;M = Arithmetic shift M right;8-Bit Accumulator and Memory Instructions
ASR;$77;119;ASR;;yes;BYTE;BYTE;EXTENDED;u;a;a;-;s;M = Arithmetic shift M right;8-Bit Accumulator and Memory Instructions
ASR;$67;103;ASR;;yes;BYTE;BYTE;INDEXED;u;a;a;-;s;M = Arithmetic shift M right;8-Bit Accumulator and Memory Instructions
ASR;$47;71;ASRA;REG_A;;;;INHERENT;u;a;a;-;s;A = Arithmetic shift A right;8-Bit Accumulator and Memory Instructions
ASR;$57;87;ASRB;REG_B;;;;INHERENT;u;a;a;-;s;B = Arithmetic shift B right;8-Bit Accumulator and Memory Instructions
BHS;$24;36;BCC;;yes;;;RELATIVE;-;-;-;-;-;;Unsigned Branch Instructions
BEQ;$27;39;BEQ;;yes;;;RELATIVE;-;-;-;-;-;;Unsigned Branch Instructions
BGE;$2c;44;BGE;;yes;;;RELATIVE;-;-;-;-;-;;Signed Branch Instructions
BGT;$2e;46;BGT;;yes;;;RELATIVE;-;-;-;-;-;;Signed Branch Instructions
BHI;$22;34;BHI;;yes;;;RELATIVE;-;-;-;-;-;;Unsigned Branch Instructions
BIT;$95;149;BITA;REG_A;;BYTE;;DIRECT;-;a;a;0;-;Bit Test A (M&&A);8-Bit Accumulator and Memory Instructions
BIT;$b5;181;BITA;REG_A;;BYTE;;EXTENDED;-;a;a;0;-;Bit Test A (M&&A);8-Bit Accumulator and Memory Instructions
BIT;$85;133;BITA;REG_A;;BYTE;;IMMEDIATE;-;a;a;0;-;Bit Test A (M&&A);8-Bit Accumulator and Memory Instructions
BIT;$a5;165;BITA;REG_A;;BYTE;;INDEXED;-;a;a;0;-;Bit Test A (M&&A);8-Bit Accumulator and Memory Instructions
BIT;$d5;213;BITB;REG_B;;BYTE;;DIRECT;-;a;a;0;-;Bit Test B (M&&B);8-Bit Accumulator and Memory Instructions
BIT;$f5;245;BITB;REG_B;;BYTE;;EXTENDED;-;a;a;0;-;Bit Test B (M&&B);8-Bit Accumulator and Memory Instructions
BIT;$c5;197;BITB;REG_B;;BYTE;;IMMEDIATE;-;a;a;0;-;Bit Test B (M&&B);8-Bit Accumulator and Memory Instructions
BIT;$e5;229;BITB;REG_B;;BYTE;;INDEXED;-;a;a;0;-;Bit Test B (M&&B);8-Bit Accumulator and Memory Instructions
BLE;$2f;47;BLE;;yes;;;RELATIVE;-;-;-;-;-;;Signed Branch Instructions
BLO;$25;37;BLO;;yes;;;RELATIVE;-;-;-;-;-;;Unsigned Branch Instructions
BLS;$23;35;BLS;;yes;;;RELATIVE;-;-;-;-;-;;Unsigned Branch Instructions
BLT;$2d;45;BLT;;yes;;;RELATIVE;-;-;-;-;-;;Signed Branch Instructions
BMI;$2b;43;BMI;;yes;;;RELATIVE;-;-;-;-;-;;Simple Branch Instructions
BNE;$26;38;BNE;;yes;;;RELATIVE;-;-;-;-;-;;Unsigned Branch Instructions
BPL;$2a;42;BPL;;yes;;;RELATIVE;-;-;-;-;-;;Simple Branch Instructions
BRA;$20;32;BRA;;yes;;;RELATIVE;-;-;-;-;-;;other Branch Instructions
BRN;$21;33;BRN;;yes;;;RELATIVE;-;-;-;-;-;;other Branch Instructions
BSR;$8d;141;BSR;;yes;;;RELATIVE;-;-;-;-;-;;other Branch Instructions
BVC;$28;40;BVC;;yes;;;RELATIVE;-;-;-;-;-;;Signed Branch Instructions
BVS;$29;41;BVS;;yes;;;RELATIVE;-;-;-;-;-;;Signed Branch Instructions
CLR;$0f;15;CLR;;yes;;BYTE;DIRECT;-;0;1;0;0;M = 0;8-Bit Accumulator and Memory Instructions
CLR;$7f;127;CLR;;yes;;BYTE;EXTENDED;-;0;1;0;0;M = 0;8-Bit Accumulator and Memory Instructions
CLR;$6f;111;CLR;;yes;;BYTE;INDEXED;-;0;1;0;0;M = 0;8-Bit Accumulator and Memory Instructions
CLR;$4f;79;CLRA;REG_A;;;;INHERENT;-;0;1;0;0;A = 0;8-Bit Accumulator and Memory Instructions
CLR;$5f;95;CLRB;REG_B;;;;INHERENT;-;0;1;0;0;B = 0;8-Bit Accumulator and Memory Instructions
CMP;$91;145;CMPA;REG_A;;BYTE;;DIRECT;u;a;a;a;a;Compare M from A;8-Bit Accumulator and Memory Instructions
CMP;$b1;177;CMPA;REG_A;;BYTE;;EXTENDED;u;a;a;a;a;Compare M from A;8-Bit Accumulator and Memory Instructions
CMP;$81;129;CMPA;REG_A;;BYTE;;IMMEDIATE;u;a;a;a;a;Compare M from A;8-Bit Accumulator and Memory Instructions
CMP;$a1;161;CMPA;REG_A;;BYTE;;INDEXED;u;a;a;a;a;Compare M from A;8-Bit Accumulator and Memory Instructions
CMP;$d1;209;CMPB;REG_B;;BYTE;;DIRECT;u;a;a;a;a;Compare M from B;8-Bit Accumulator and Memory Instructions
CMP;$f1;241;CMPB;REG_B;;BYTE;;EXTENDED;u;a;a;a;a;Compare M from B;8-Bit Accumulator and Memory Instructions
CMP;$c1;193;CMPB;REG_B;;BYTE;;IMMEDIATE;u;a;a;a;a;Compare M from B;8-Bit Accumulator and Memory Instructions
CMP;$e1;225;CMPB;REG_B;;BYTE;;INDEXED;u;a;a;a;a;Compare M from B;8-Bit Accumulator and Memory Instructions
CMP;$1093;4243;CMPD;REG_D;;WORD;;DIRECT_WORD;-;a;a;a;a;Compare M:M+1 from D;16-Bit Accumulator and Memory Instructions Instruction
CMP;$10b3;4275;CMPD;REG_D;;WORD;;EXTENDED_WORD;-;a;a;a;a;Compare M:M+1 from D;16-Bit Accumulator and Memory Instructions Instruction
CMP;$1083;4227;CMPD;REG_D;;WORD;;IMMEDIATE_WORD;-;a;a;a;a;Compare M:M+1 from D;16-Bit Accumulator and Memory Instructions Instruction
CMP;$10a3;4259;CMPD;REG_D;;WORD;;INDEXED_WORD;-;a;a;a;a;Compare M:M+1 from D;16-Bit Accumulator and Memory Instructions Instruction
CMP;$119c;4508;CMPS;REG_S;;WORD;;DIRECT_WORD;-;a;a;a;a;Compare M:M+1 from S;Index/Stack Pointer Instructions
CMP;$11bc;4540;CMPS;REG_S;;WORD;;EXTENDED_WORD;-;a;a;a;a;Compare M:M+1 from S;Index/Stack Pointer Instructions
CMP;$118c;4492;CMPS;REG_S;;WORD;;IMMEDIATE_WORD;-;a;a;a;a;Compare M:M+1 from S;Index/Stack Pointer Instructions
CMP;$11ac;4524;CMPS;REG_S;;WORD;;INDEXED_WORD;-;a;a;a;a;Compare M:M+1 from S;Index/Stack Pointer Instructions
CMP;$1193;4499;CMPU;REG_U;;WORD;;DIRECT_WORD;-;a;a;a;a;Compare M:M+1 from U;Index/Stack Pointer Instructions
CMP;$11b3;4531;CMPU;REG_U;;WORD;;EXTENDED_WORD;-;a;a;a;a;Compare M:M+1 from U;Index/Stack Pointer Instructions
CMP;$1183;4483;CMPU;REG_U;;WORD;;IMMEDIATE_WORD;-;a;a;a;a;Compare M:M+1 from U;Index/Stack Pointer Instructions
CMP;$11a3;4515;CMPU;REG_U;;WORD;;INDEXED_WORD;-;a;a;a;a;Compare M:M+1 from U;Index/Stack Pointer Instructions
CMP;$9c;156;CMPX;REG_X;;WORD;;DIRECT_WORD;-;a;a;a;a;Compare M:M+1 from X;Index/Stack Pointer Instructions
CMP;$bc;188;CMPX;REG_X;;WORD;;EXTENDED_WORD;-;a;a;a;a;Compare M:M+1 from X;Index/Stack Pointer Instructions
CMP;$8c;140;CMPX;REG_X;;WORD;;IMMEDIATE_WORD;-;a;a;a;a;Compare M:M+1 from X;Index/Stack Pointer Instructions
CMP;$ac;172;CMPX;REG_X;;WORD;;INDEXED_WORD;-;a;a;a;a;Compare M:M+1 from X;Index/Stack Pointer Instructions
CMP;$109c;4252;CMPY;REG_Y;;WORD;;DIRECT_WORD;-;a;a;a;a;Compare M:M+1 from Y;Index/Stack Pointer Instructions
CMP;$10bc;4284;CMPY;REG_Y;;WORD;;EXTENDED_WORD;-;a;a;a;a;Compare M:M+1 from Y;Index/Stack Pointer Instructions
CMP;$108c;4236;CMPY;REG_Y;;WORD;;IMMEDIATE_WORD;-;a;a;a;a;Compare M:M+1 from Y;Index/Stack Pointer Instructions
CMP;$10ac;4268;CMPY;REG_Y;;WORD;;INDEXED_WORD;-;a;a;a;a;Compare M:M+1 from Y;Index/Stack Pointer Instructions
COM;$03;3;COM;;yes;BYTE;BYTE;DIRECT;-;a;a;0;1;M = complement(M);8-Bit Accumulator and Memory Instructions
COM;$73;115;COM;;yes;BYTE;BYTE;EXTENDED;-;a;a;0;1;M = complement(M);8-Bit Accumulator and Memory Instructions
COM;$63;99;COM;;yes;BYTE;BYTE;INDEXED;-;a;a;0;1;M = complement(M);8-Bit Accumulator and Memory Instructions
COM;$43;67;COMA;REG_A;;;;INHERENT;-;a;a;0;1;A = complement(A);8-Bit Accumulator and Memory Instructions
COM;$53;83;COMB;REG_B;;;;INHERENT;-;a;a;0;1;B = complement(B);8-Bit Accumulator and Memory Instructions
CWAI;$3c;60;CWAI;;;BYTE;;IMMEDIATE;d;d;d;d;d;"CC = CC ^ IMM; (Wait for Interrupt)";Miscellaneous Instructions
DAA;$19;25;DAA;;;;;INHERENT;-;a;a;0;a;Decimal Adjust A;8-Bit Accumulator and Memory Instructions
DEC;$0a;10;DEC;;yes;BYTE;BYTE;DIRECT;-;a;a;a;-;M = M - 1;8-Bit Accumulator and Memory Instructions
DEC;$7a;122;DEC;;yes;BYTE;BYTE;EXTENDED;-;a;a;a;-;M = M - 1;8-Bit Accumulator and Memory Instructions
DEC;$6a;106;DEC;;yes;BYTE;BYTE;INDEXED;-;a;a;a;-;M = M - 1;8-Bit Accumulator and Memory Instructions
DEC;$4a;74;DECA;REG_A;;;;INHERENT;-;a;a;a;-;A = A - 1;8-Bit Accumulator and Memory Instructions
DEC;$5a;90;DECB;REG_B;;;;INHERENT;-;a;a;a;-;B = B - 1;8-Bit Accumulator and Memory Instructions
EOR;$98;152;EORA;REG_A;;BYTE;;DIRECT;-;a;a;0;-;A = A XOR M;8-Bit Accumulator and Memory Instructions
EOR;$b8;184;EORA;REG_A;;BYTE;;EXTENDED;-;a;a;0;-;A = A XOR M;8-Bit Accumulator and Memory Instructions
EOR;$88;136;EORA;REG_A;;BYTE;;IMMEDIATE;-;a;a;0;-;A = A XOR M;8-Bit Accumulator and Memory Instructions
EOR;$a8;168;EORA;REG_A;;BYTE;;INDEXED;-;a;a;0;-;A = A XOR M;8-Bit Accumulator and Memory Instructions
EOR;$d8;216;EORB;REG_B;;BYTE;;DIRECT;-;a;a;0;-;B = M XOR B;8-Bit Accumulator and Memory Instructions
EOR;$f8;248;EORB;REG_B;;BYTE;;EXTENDED;-;a;a;0;-;B = M XOR B;8-Bit Accumulator and Memory Instructions
EOR;$c8;200;EORB;REG_B;;BYTE;;IMMEDIATE;-;a;a;0;-;B = M XOR B;8-Bit Accumulator and Memory Instructions
EOR;$e8;232;EORB;REG_B;;BYTE;;INDEXED;-;a;a;0;-;B = M XOR B;8-Bit Accumulator and Memory Instructions
EXG;$1e;30;EXG;;;;;;c;c;c;c;c;exchange R1,R2;8-Bit Accumulator and Memory Instructions
INC;$0c;12;INC;;yes;BYTE;BYTE;DIRECT;-;a;a;a;-;M = M + 1;8-Bit Accumulator and Memory Instructions
INC;$7c;124;INC;;yes;BYTE;BYTE;EXTENDED;-;a;a;a;-;M = M + 1;8-Bit Accumulator and Memory Instructions
INC;$6c;108;INC;;yes;BYTE;BYTE;INDEXED;-;a;a;a;-;M = M + 1;8-Bit Accumulator and Memory Instructions
INC;$4c;76;INCA;REG_A;;;;INHERENT;-;a;a;a;-;A = A + 1;8-Bit Accumulator and Memory Instructions
INC;$5c;92;INCB;REG_B;;;;INHERENT;-;a;a;a;-;B = B + 1;8-Bit Accumulator and Memory Instructions
JMP;$0e;14;JMP;;yes;;;DIRECT;-;-;-;-;-;pc = EA;Miscellaneous Instructions
JMP;$7e;126;JMP;;yes;;;EXTENDED;-;-;-;-;-;pc = EA;Miscellaneous Instructions
JMP;$6e;110;JMP;;yes;;;INDEXED;-;-;-;-;-;pc = EA;Miscellaneous Instructions
JSR;$9d;157;JSR;;yes;;;DIRECT;-;-;-;-;-;jump to subroutine;Miscellaneous Instructions
JSR;$bd;189;JSR;;yes;;;EXTENDED;-;-;-;-;-;jump to subroutine;Miscellaneous Instructions
JSR;$ad;173;JSR;;yes;;;INDEXED;-;-;-;-;-;jump to subroutine;Miscellaneous Instructions
BHS;$1024;4132;LBCC;;yes;;;RELATIVE_WORD;-;-;-;-;-;;Unsigned Branch Instructions
BLO;$1025;4133;LBCS;;yes;;;RELATIVE_WORD;-;-;-;-;-;;Unsigned Branch Instructions
BEQ;$1027;4135;LBEQ;;yes;;;RELATIVE_WORD;-;-;-;-;-;;Unsigned Branch Instructions
BGE;$102c;4140;LBGE;;yes;;;RELATIVE_WORD;-;-;-;-;-;;Signed Branch Instructions
BGT;$102e;4142;LBGT;;yes;;;RELATIVE_WORD;-;-;-;-;-;;Signed Branch Instructions
BHI;$1022;4130;LBHI;;yes;;;RELATIVE_WORD;-;-;-;-;-;;Unsigned Branch Instructions
BLE;$102f;4143;LBLE;;yes;;;RELATIVE_WORD;-;-;-;-;-;;Signed Branch Instructions
BLS;$1023;4131;LBLS;;yes;;;RELATIVE_WORD;-;-;-;-;-;;Unsigned Branch Instructions
BLT;$102d;4141;LBLT;;yes;;;RELATIVE_WORD;-;-;-;-;-;;Signed Branch Instructions
BMI;$102b;4139;LBMI;;yes;;;RELATIVE_WORD;-;-;-;-;-;;Simple Branch Instructions
BNE;$1026;4134;LBNE;;yes;;;RELATIVE_WORD;-;-;-;-;-;;Unsigned Branch Instructions
BPL;$102a;4138;LBPL;;yes;;;RELATIVE_WORD;-;-;-;-;-;;Simple Branch Instructions
BRA;$16;22;LBRA;;yes;;;RELATIVE_WORD;-;-;-;-;-;;other Branch Instructions
BRN;$1021;4129;LBRN;;yes;;;RELATIVE_WORD;-;-;-;-;-;;other Branch Instructions
BSR;$17;23;LBSR;;yes;;;RELATIVE_WORD;-;-;-;-;-;;other Branch Instructions
BVC;$1028;4136;LBVC;;yes;;;RELATIVE_WORD;-;-;-;-;-;;Signed Branch Instructions
BVS;$1029;4137;LBVS;;yes;;;RELATIVE_WORD;-;-;-;-;-;;Signed Branch Instructions
LD;$96;150;LDA;REG_A;;BYTE;;DIRECT;-;a;a;0;-;A = M;8-Bit Accumulator and Memory Instructions
LD;$b6;182;LDA;REG_A;;BYTE;;EXTENDED;-;a;a;0;-;A = M;8-Bit Accumulator and Memory Instructions
LD;$86;134;LDA;REG_A;;BYTE;;IMMEDIATE;-;a;a;0;-;A = M;8-Bit Accumulator and Memory Instructions
LD;$a6;166;LDA;REG_A;;BYTE;;INDEXED;-;a;a;0;-;A = M;8-Bit Accumulator and Memory Instructions
LD;$d6;214;LDB;REG_B;;BYTE;;DIRECT;-;a;a;0;-;B = M;8-Bit Accumulator and Memory Instructions
LD;$f6;246;LDB;REG_B;;BYTE;;EXTENDED;-;a;a;0;-;B = M;8-Bit Accumulator and Memory Instructions
LD;$c6;198;LDB;REG_B;;BYTE;;IMMEDIATE;-;a;a;0;-;B = M;8-Bit Accumulator and Memory Instructions
LD;$e6;230;LDB;REG_B;;BYTE;;INDEXED;-;a;a;0;-;B = M;8-Bit Accumulator and Memory Instructions
LD;$dc;220;LDD;REG_D;;WORD;;DIRECT_WORD;-;a;a;0;-;D = M:M+1;16-Bit Accumulator and Memory Instructions Instruction
LD;$fc;252;LDD;REG_D;;WORD;;EXTENDED_WORD;-;a;a;0;-;D = M:M+1;16-Bit Accumulator and Memory Instructions Instruction
LD;$cc;204;LDD;REG_D;;WORD;;IMMEDIATE_WORD;-;a;a;0;-;D = M:M+1;16-Bit Accumulator and Memory Instructions Instruction
LD;$ec;236;LDD;REG_D;;WORD;;INDEXED_WORD;-;a;a;0;-;D = M:M+1;16-Bit Accumulator and Memory Instructions Instruction
LD;$10de;4318;LDS;REG_S;;WORD;;DIRECT_WORD;-;a;a;0;-;S = M:M+1;Index/Stack Pointer Instructions
LD;$10fe;4350;LDS;REG_S;;WORD;;EXTENDED_WORD;-;a;a;0;-;S = M:M+1;Index/Stack Pointer Instructions
LD;$10ce;4302;LDS;REG_S;;WORD;;IMMEDIATE_WORD;-;a;a;0;-;S = M:M+1;Index/Stack Pointer Instructions
LD;$10ee;4334;LDS;REG_S;;WORD;;INDEXED_WORD;-;a;a;0;-;S = M:M+1;Index/Stack Pointer Instructions
LD;$de;222;LDU;REG_U;;WORD;;DIRECT_WORD;-;a;a;0;-;U = M:M+1;Index/Stack Pointer Instructions
LD;$fe;254;LDU;REG_U;;WORD;;EXTENDED_WORD;-;a;a;0;-;U = M:M+1;Index/Stack Pointer Instructions
LD;$ce;206;LDU;REG_U;;WORD;;IMMEDIATE_WORD;-;a;a;0;-;U = M:M+1;Index/Stack Pointer Instructions
LD;$ee;238;LDU;REG_U;;WORD;;INDEXED_WORD;-;a;a;0;-;U = M:M+1;Index/Stack Pointer Instructions
LD;$9e;158;LDX;REG_X;;WORD;;DIRECT_WORD;-;a;a;0;-;X = M:M+1;Index/Stack Pointer Instructions
LD;$be;190;LDX;REG_X;;WORD;;EXTENDED_WORD;-;a;a;0;-;X = M:M+1;Index/Stack Pointer Instructions
LD;$8e;142;LDX;REG_X;;WORD;;IMMEDIATE_WORD;-;a;a;0;-;X = M:M+1;Index/Stack Pointer Instructions
LD;$ae;174;LDX;REG_X;;WORD;;INDEXED_WORD;-;a;a;0;-;X = M:M+1;Index/Stack Pointer Instructions
LD;$109e;4254;LDY;REG_Y;;WORD;;DIRECT_WORD;-;a;a;0;-;Y = M:M+1;Index/Stack Pointer Instructions
LD;$10be;4286;LDY;REG_Y;;WORD;;EXTENDED_WORD;-;a;a;0;-;Y = M:M+1;Index/Stack Pointer Instructions
LD;$108e;4238;LDY;REG_Y;;WORD;;IMMEDIATE_WORD;-;a;a;0;-;Y = M:M+1;Index/Stack Pointer Instructions
LD;$10ae;4270;LDY;REG_Y;;WORD;;INDEXED_WORD;-;a;a;0;-;Y = M:M+1;Index/Stack Pointer Instructions
LEA;$32;50;LEAS;REG_S;yes;;;INDEXED;-;-;-;-;-;S = EA;Index/Stack Pointer Instructions
LEA;$33;51;LEAU;REG_U;yes;;;INDEXED;-;-;-;-;-;U = EA;Index/Stack Pointer Instructions
LEA;$30;48;LEAX;REG_X;yes;;;INDEXED;-;-;a;-;-;X = EA;Index/Stack Pointer Instructions
LEA;$31;49;LEAY;REG_Y;yes;;;INDEXED;-;-;a;-;-;Y = EA;Index/Stack Pointer Instructions
LSL;$08;8;LSL;;yes;BYTE;BYTE;DIRECT;n;a;a;a;s;M = Logical shift M left;8-Bit Accumulator and Memory Instructions
LSL;$78;120;LSL;;yes;BYTE;BYTE;EXTENDED;n;a;a;a;s;M = Logical shift M left;8-Bit Accumulator and Memory Instructions
LSL;$68;104;LSL;;yes;BYTE;BYTE;INDEXED;n;a;a;a;s;M = Logical shift M left;8-Bit Accumulator and Memory Instructions
LSL;$48;72;LSLA;REG_A;;;;INHERENT;n;a;a;a;s;A = Logical shift A left;8-Bit Accumulator and Memory Instructions
LSL;$58;88;LSLB;REG_B;;;;INHERENT;n;a;a;a;s;B = Logical shift B left;8-Bit Accumulator and Memory Instructions
LSR;$04;4;LSR;;yes;BYTE;BYTE;DIRECT;-;0;a;-;s;M = Logical shift M right;8-Bit Accumulator and Memory Instructions
LSR;$74;116;LSR;;yes;BYTE;BYTE;EXTENDED;-;0;a;-;s;M = Logical shift M right;8-Bit Accumulator and Memory Instructions
LSR;$64;100;LSR;;yes;BYTE;BYTE;INDEXED;-;0;a;-;s;M = Logical shift M right;8-Bit Accumulator and Memory Instructions
LSR;$44;68;LSRA;REG_A;;;;INHERENT;-;0;a;-;s;A = Logical shift A right;8-Bit Accumulator and Memory Instructions
LSR;$54;84;LSRB;REG_B;;;;INHERENT;-;0;a;-;s;B = Logical shift B right;8-Bit Accumulator and Memory Instructions
MUL;$3d;61;MUL;;;;;INHERENT;-;-;a;-;a;D = A*B (Unsigned);8-Bit Accumulator and Memory Instructions
NEG;$00;0;NEG;;yes;BYTE;BYTE;DIRECT;u;a;a;a;a;M = !M + 1;8-Bit Accumulator and Memory Instructions
NEG;$70;112;NEG;;yes;BYTE;BYTE;EXTENDED;u;a;a;a;a;M = !M + 1;8-Bit Accumulator and Memory Instructions
NEG;$60;96;NEG;;yes;BYTE;BYTE;INDEXED;u;a;a;a;a;M = !M + 1;8-Bit Accumulator and Memory Instructions
NEG;$40;64;NEGA;REG_A;;;;INHERENT;u;a;a;a;a;A = !A + 1;8-Bit Accumulator and Memory Instructions
NEG;$50;80;NEGB;REG_B;;;;INHERENT;u;a;a;a;a;B = !B + 1;8-Bit Accumulator and Memory Instructions
NOP;$12;18;NOP;;;;;INHERENT;-;-;-;-;-;No Operation;Miscellaneous Instructions
OR;$9a;154;ORA;REG_A;;BYTE;;DIRECT;-;a;a;0;-;A = A || M;8-Bit Accumulator and Memory Instructions
OR;$ba;186;ORA;REG_A;;BYTE;;EXTENDED;-;a;a;0;-;A = A || M;8-Bit Accumulator and Memory Instructions
OR;$8a;138;ORA;REG_A;;BYTE;;IMMEDIATE;-;a;a;0;-;A = A || M;8-Bit Accumulator and Memory Instructions
OR;$aa;170;ORA;REG_A;;BYTE;;INDEXED;-;a;a;0;-;A = A || M;8-Bit Accumulator and Memory Instructions
OR;$da;218;ORB;REG_B;;BYTE;;DIRECT;-;a;a;0;-;B = B || M;8-Bit Accumulator and Memory Instructions
OR;$fa;250;ORB;REG_B;;BYTE;;EXTENDED;-;a;a;0;-;B = B || M;8-Bit Accumulator and Memory Instructions
OR;$ca;202;ORB;REG_B;;BYTE;;IMMEDIATE;-;a;a;0;-;B = B || M;8-Bit Accumulator and Memory Instructions
OR;$ea;234;ORB;REG_B;;BYTE;;INDEXED;-;a;a;0;-;B = B || M;8-Bit Accumulator and Memory Instructions
OR;$1a;26;ORCC;REG_CC;;BYTE;;IMMEDIATE;d;d;d;d;d;C = CC || IMM;Miscellaneous Instructions
PAGE;$10;16;PAGE 1;;;;;;+;+;+;+;+;Page 1 Instructions prefix;other
PAGE;$11;17;PAGE 2;;;;;;+;+;+;+;+;Page 2 Instructions prefix;other
PSH;$34;52;PSHS;REG_S;;BYTE;;IMMEDIATE;-;-;-;-;-;"S -= 1: MEM(S) = R; Push Register on S Stack";Index/Stack Pointer Instructions
PSH;$36;54;PSHU;REG_U;;BYTE;;IMMEDIATE;-;-;-;-;-;"U -= 1: MEM(U) = R; Push Register on U Stack";Index/Stack Pointer Instructions
PUL;$35;53;PULS;REG_S;;BYTE;;IMMEDIATE;c;c;c;c;c;"R=MEM(S) : S += 1; Pull register from S Stack";Index/Stack Pointer Instructions
PUL;$37;55;PULU;REG_U;;BYTE;;IMMEDIATE;c;c;c;c;c;"R=MEM(U) : U += 1; Pull register from U Stack";Index/Stack Pointer Instructions
RESET;$3e;62;RESET;;;;;;*;*;*;*;*;Undocumented opcode;other
ROL;$09;9;ROL;;yes;BYTE;BYTE;DIRECT;-;a;a;a;s;M = Rotate M left thru carry;8-Bit Accumulator and Memory Instructions
ROL;$79;121;ROL;;yes;BYTE;BYTE;EXTENDED;-;a;a;a;s;M = Rotate M left thru carry;8-Bit Accumulator and Memory Instructions
ROL;$69;105;ROL;;yes;BYTE;BYTE;INDEXED;-;a;a;a;s;M = Rotate M left thru carry;8-Bit Accumulator and Memory Instructions
ROL;$49;73;ROLA;REG_A;;;;INHERENT;-;a;a;a;s;A = Rotate A left thru carry;8-Bit Accumulator and Memory Instructions
ROL;$59;89;ROLB;REG_B;;;;INHERENT;-;a;a;a;s;B = Rotate B left thru carry;8-Bit Accumulator and Memory Instructions
ROR;$06;6;ROR;;yes;BYTE;BYTE;DIRECT;-;a;a;-;s;M = Rotate M Right thru carry;8-Bit Accumulator and Memory Instructions
ROR;$76;118;ROR;;yes;BYTE;BYTE;EXTENDED;-;a;a;-;s;M = Rotate M Right thru carry;8-Bit Accumulator and Memory Instructions
ROR;$66;102;ROR;;yes;BYTE;BYTE;INDEXED;-;a;a;-;s;M = Rotate M Right thru carry;8-Bit Accumulator and Memory Instructions
ROR;$46;70;RORA;REG_A;;;;INHERENT;-;a;a;-;s;A = Rotate A Right thru carry;8-Bit Accumulator and Memory Instructions
ROR;$56;86;RORB;REG_B;;;;INHERENT;-;a;a;-;s;B = Rotate B Right thru carry;8-Bit Accumulator and Memory Instructions
RTI;$3b;59;RTI;;;;;INHERENT;-;-;-;-;-;Return from Interrupt;Miscellaneous Instructions
RTS;$39;57;RTS;;;;;INHERENT;-;-;-;-;-;Return from subroutine;Miscellaneous Instructions
SBC;$92;146;SBCA;REG_A;;BYTE;;DIRECT;u;a;a;a;a;A = A - M - C;8-Bit Accumulator and Memory Instructions
SBC;$b2;178;SBCA;REG_A;;BYTE;;EXTENDED;u;a;a;a;a;A = A - M - C;8-Bit Accumulator and Memory Instructions
SBC;$82;130;SBCA;REG_A;;BYTE;;IMMEDIATE;u;a;a;a;a;A = A - M - C;8-Bit Accumulator and Memory Instructions
SBC;$a2;162;SBCA;REG_A;;BYTE;;INDEXED;u;a;a;a;a;A = A - M - C;8-Bit Accumulator and Memory Instructions
SBC;$d2;210;SBCB;REG_B;;BYTE;;DIRECT;u;a;a;a;a;B = B - M - C;8-Bit Accumulator and Memory Instructions
SBC;$f2;242;SBCB;REG_B;;BYTE;;EXTENDED;u;a;a;a;a;B = B - M - C;8-Bit Accumulator and Memory Instructions
SBC;$c2;194;SBCB;REG_B;;BYTE;;IMMEDIATE;u;a;a;a;a;B = B - M - C;8-Bit Accumulator and Memory Instructions
SBC;$e2;226;SBCB;REG_B;;BYTE;;INDEXED;u;a;a;a;a;B = B - M - C;8-Bit Accumulator and Memory Instructions
SEX;$1d;29;SEX;;;;;INHERENT;-;a;a;0;-;Sign extend B into A;16-Bit Accumulator and Memory Instructions Instruction
ST;$97;151;STA;REG_A;yes;;BYTE;DIRECT;-;a;a;0;-;M = A;8-Bit Accumulator and Memory Instructions
ST;$b7;183;STA;REG_A;yes;;BYTE;EXTENDED;-;a;a;0;-;M = A;8-Bit Accumulator and Memory Instructions
ST;$a7;167;STA;REG_A;yes;;BYTE;INDEXED;-;a;a;0;-;M = A;8-Bit Accumulator and Memory Instructions
ST;$d7;215;STB;REG_B;yes;;BYTE;DIRECT;-;a;a;0;-;M = B;8-Bit Accumulator and Memory Instructions
ST;$f7;247;STB;REG_B;yes;;BYTE;EXTENDED;-;a;a;0;-;M = B;8-Bit Accumulator and Memory Instructions
ST;$e7;231;STB;REG_B;yes;;BYTE;INDEXED;-;a;a;0;-;M = B;8-Bit Accumulator and Memory Instructions
ST;$dd;221;STD;REG_D;yes;;WORD;DIRECT;-;a;a;0;-;M:M+1 = D;16-Bit Accumulator and Memory Instructions Instruction
ST;$fd;253;STD;REG_D;yes;;WORD;EXTENDED;-;a;a;0;-;M:M+1 = D;16-Bit Accumulator and Memory Instructions Instruction
ST;$ed;237;STD;REG_D;yes;;WORD;INDEXED;-;a;a;0;-;M:M+1 = D;16-Bit Accumulator and Memory Instructions Instruction
ST;$10df;4319;STS;REG_S;yes;;WORD;DIRECT;-;a;a;0;-;M:M+1 = S;Index/Stack Pointer Instructions
ST;$10ff;4351;STS;REG_S;yes;;WORD;EXTENDED;-;a;a;0;-;M:M+1 = S;Index/Stack Pointer Instructions
ST;$10ef;4335;STS;REG_S;yes;;WORD;INDEXED;-;a;a;0;-;M:M+1 = S;Index/Stack Pointer Instructions
ST;$df;223;STU;REG_U;yes;;WORD;DIRECT;-;a;a;0;-;M:M+1 = U;Index/Stack Pointer Instructions
ST;$ff;255;STU;REG_U;yes;;WORD;EXTENDED;-;a;a;0;-;M:M+1 = U;Index/Stack Pointer Instructions
ST;$ef;239;STU;REG_U;yes;;WORD;INDEXED;-;a;a;0;-;M:M+1 = U;Index/Stack Pointer Instructions
ST;$9f;159;STX;REG_X;yes;;WORD;DIRECT;-;a;a;0;-;M:M+1 = X;Index/Stack Pointer Instructions
ST;$bf;191;STX;REG_X;yes;;WORD;EXTENDED;-;a;a;0;-;M:M+1 = X;Index/Stack Pointer Instructions
ST;$af;175;STX;REG_X;yes;;WORD;INDEXED;-;a;a;0;-;M:M+1 = X;Index/Stack Pointer Instructions
ST;$109f;4255;STY;REG_Y;yes;;WORD;DIRECT;-;a;a;0;-;M:M+1 = Y;Index/Stack Pointer Instructions
ST;$10bf;4287;STY;REG_Y;yes;;WORD;EXTENDED;-;a;a;0;-;M:M+1 = Y;Index/Stack Pointer Instructions
ST;$10af;4271;STY;REG_Y;yes;;WORD;INDEXED;-;a;a;0;-;M:M+1 = Y;Index/Stack Pointer Instructions
SUB;$90;144;SUBA;REG_A;;BYTE;;DIRECT;u;a;a;a;a;A = A - M;8-Bit Accumulator and Memory Instructions
SUB;$b0;176;SUBA;REG_A;;BYTE;;EXTENDED;u;a;a;a;a;A = A - M;8-Bit Accumulator and Memory Instructions
SUB;$80;128;SUBA;REG_A;;BYTE;;IMMEDIATE;u;a;a;a;a;A = A - M;8-Bit Accumulator and Memory Instructions
SUB;$a0;160;SUBA;REG_A;;BYTE;;INDEXED;u;a;a;a;a;A = A - M;8-Bit Accumulator and Memory Instructions
SUB;$d0;208;SUBB;REG_B;;BYTE;;DIRECT;u;a;a;a;a;B = B - M;8-Bit Accumulator and Memory Instructions
SUB;$f0;240;SUBB;REG_B;;BYTE;;EXTENDED;u;a;a;a;a;B = B - M;8-Bit Accumulator and Memory Instructions
SUB;$c0;192;SUBB;REG_B;;BYTE;;IMMEDIATE;u;a;a;a;a;B = B - M;8-Bit Accumulator and Memory Instructions
SUB;$e0;224;SUBB;REG_B;;BYTE;;INDEXED;u;a;a;a;a;B = B - M;8-Bit Accumulator and Memory Instructions
SUB;$93;147;SUBD;REG_D;;WORD;;DIRECT_WORD;-;a;a;a;a;D = D - M:M+1;16-Bit Accumulator and Memory Instructions Instruction
SUB;$b3;179;SUBD;REG_D;;WORD;;EXTENDED_WORD;-;a;a;a;a;D = D - M:M+1;16-Bit Accumulator and Memory Instructions Instruction
SUB;$83;131;SUBD;REG_D;;WORD;;IMMEDIATE_WORD;-;a;a;a;a;D = D - M:M+1;16-Bit Accumulator and Memory Instructions Instruction
SUB;$a3;163;SUBD;REG_D;;WORD;;INDEXED_WORD;-;a;a;a;a;D = D - M:M+1;16-Bit Accumulator and Memory Instructions Instruction
SWI;$3f;63;SWI;;;;;INHERENT;-;-;-;-;-;Software interrupt 1;Miscellaneous Instructions
SWI;$103f;4159;SWI2;;;;;INHERENT;-;-;-;-;-;Software interrupt 2;Miscellaneous Instructions
SWI;$113f;4415;SWI3;;;;;INHERENT;-;-;-;-;-;Software interrupt 3;Miscellaneous Instructions
SYNC;$13;19;SYNC;;;;;INHERENT;-;-;-;-;-;Synchronize to Interrupt;Miscellaneous Instructions
TFR;$1f;31;TFR;;;BYTE;;IMMEDIATE;c;c;c;c;c;;8-Bit Accumulator and Memory Instructions
TST;$0d;13;TST;;;BYTE;;DIRECT;-;a;a;0;-;Test M;8-Bit Accumulator and Memory Instructions
TST;$7d;125;TST;;;BYTE;;EXTENDED;-;a;a;0;-;Test M;8-Bit Accumulator and Memory Instructions
TST;$6d;109;TST;;;BYTE;;INDEXED;-;a;a;0;-;Test M;8-Bit Accumulator and Memory Instructions
TST;$4d;77;TSTA;REG_A;;;;INHERENT;-;a;a;0;-;Test A;8-Bit Accumulator and Memory Instructions
TST;$5d;93;TSTB;REG_B;;;;INHERENT;-;a;a;0;-;Test B;8-Bit Accumulator and Memory Instructions
